{"cameraMode":{"drawMode":0,"name":"Shaded","section":"Shading Mode"},"sceneLighting":false,"audioPlay":false,"sceneViewState":{"showFog":true,"showMaterialUpdate":false,"showSkybox":true,"showFlares":true,"showImageEffects":true,"showParticleSystems":true},"in2DMode":false,"pivot":{"x":0.0009601414203643799,"y":-0.1352313905954361,"z":0.006625950336456299},"rotation":{"x":-0.0224334504455328,"y":0.9759768843650818,"z":-0.12244796752929688,"w":-0.17880848050117494},"size":1.6943624019622803,"orthographic":false}